dimensao,peso,sms_r,sms_p,sms_sig,demo_r,demo_p,demo_sig,delta_r
D1,0.5,0.9195,0.0,***,0.7923,0.0,***,-0.1272
D2,0.3,0.4445,0.0,***,0.459,0.0,***,0.0145
D3,0.1,0.2889,0.000538,***,0.2337,0.005287,**,-0.0552
D4,0.08,0.6641,0.0,***,0.2514,0.00264,**,-0.4127
D5,0.02,0.707,0.0,***,-0.1039,0.22019,n.s.,-0.8109
